{
  "version": "0.1.0",
  "name": "solch_staking_contract",
  "instructions": [
    {
      "name": "createVault",
      "accounts": [
        {
          "name": "vault",
          "isMut": true,
          "isSigner": false
        },
        {
          "name": "admin",
          "isMut": true,
          "isSigner": true
        },
        {
          "name": "systemProgram",
          "isMut": false,
          "isSigner": false
        }
      ],
      "args": [
        {
          "name": "bumpVault",
          "type": "u8"
        }
      ]
    },
    {
      "name": "createDataAccount",
      "accounts": [
        {
          "name": "data",
          "isMut": true,
          "isSigner": false
        },
        {
          "name": "admin",
          "isMut": true,
          "isSigner": true
        },
        {
          "name": "systemProgram",
          "isMut": false,
          "isSigner": false
        }
      ],
      "args": [
        {
          "name": "bumpData",
          "type": "u8"
        }
      ]
    },
    {
      "name": "createPoolSigner",
      "accounts": [
        {
          "name": "poolSigner",
          "isMut": true,
          "isSigner": false
        },
        {
          "name": "user",
          "isMut": true,
          "isSigner": true
        },
        {
          "name": "systemProgram",
          "isMut": false,
          "isSigner": false
        }
      ],
      "args": [
        {
          "name": "bumpSigner",
          "type": "u8"
        }
      ]
    },
    {
      "name": "createPool",
      "accounts": [
        {
          "name": "pool",
          "isMut": true,
          "isSigner": false
        },
        {
          "name": "user",
          "isMut": true,
          "isSigner": true
        },
        {
          "name": "systemProgram",
          "isMut": false,
          "isSigner": false
        }
      ],
      "args": [
        {
          "name": "bumpPool",
          "type": "u8"
        },
        {
          "name": "index",
          "type": "u8"
        }
      ]
    },
    {
      "name": "stake",
      "accounts": [
        {
          "name": "user",
          "isMut": false,
          "isSigner": true
        },
        {
          "name": "data",
          "isMut": true,
          "isSigner": false
        },
        {
          "name": "pool",
          "isMut": true,
          "isSigner": false
        },
        {
          "name": "tokenFrom",
          "isMut": true,
          "isSigner": false
        },
        {
          "name": "tokenTo",
          "isMut": true,
          "isSigner": false
        },
        {
          "name": "tokenProgram",
          "isMut": false,
          "isSigner": false
        },
        {
          "name": "rent",
          "isMut": false,
          "isSigner": false
        }
      ],
      "args": [
        {
          "name": "amount",
          "type": "u32"
        },
        {
          "name": "amountSecond",
          "type": "u32"
        },
        {
          "name": "index",
          "type": "u8"
        }
      ]
    },
    {
      "name": "claim",
      "accounts": [
        {
          "name": "pool",
          "isMut": true,
          "isSigner": false
        },
        {
          "name": "vault",
          "isMut": false,
          "isSigner": false
        },
        {
          "name": "user",
          "isMut": false,
          "isSigner": true
        },
        {
          "name": "data",
          "isMut": true,
          "isSigner": false
        },
        {
          "name": "rewardFrom",
          "isMut": true,
          "isSigner": false
        },
        {
          "name": "rewardTo",
          "isMut": true,
          "isSigner": false
        },
        {
          "name": "tokenProgram",
          "isMut": false,
          "isSigner": false
        }
      ],
      "args": [
        {
          "name": "bumpVault",
          "type": "u8"
        }
      ]
    },
    {
      "name": "unstake",
      "accounts": [
        {
          "name": "pool",
          "isMut": true,
          "isSigner": false
        },
        {
          "name": "poolSigner",
          "isMut": false,
          "isSigner": false
        },
        {
          "name": "vault",
          "isMut": false,
          "isSigner": false
        },
        {
          "name": "user",
          "isMut": false,
          "isSigner": true
        },
        {
          "name": "data",
          "isMut": true,
          "isSigner": false
        },
        {
          "name": "rewardFrom",
          "isMut": true,
          "isSigner": false
        },
        {
          "name": "rewardTo",
          "isMut": true,
          "isSigner": false
        },
        {
          "name": "tokenFrom",
          "isMut": true,
          "isSigner": false
        },
        {
          "name": "tokenTo",
          "isMut": true,
          "isSigner": false
        },
        {
          "name": "tokenProgram",
          "isMut": false,
          "isSigner": false
        }
      ],
      "args": [
        {
          "name": "bumpSigner",
          "type": "u8"
        },
        {
          "name": "bumpVault",
          "type": "u8"
        }
      ]
    }
  ],
  "accounts": [
    {
      "name": "Data",
      "type": {
        "kind": "struct",
        "fields": [
          {
            "name": "totalLockedAmount",
            "type": "u64"
          },
          {
            "name": "totalTradingAmount",
            "type": "u64"
          },
          {
            "name": "totalEarnedAmount",
            "type": "u64"
          }
        ]
      }
    },
    {
      "name": "Pool",
      "type": {
        "kind": "struct",
        "fields": [
          {
            "name": "user",
            "type": "publicKey"
          },
          {
            "name": "reward",
            "type": "u64"
          },
          {
            "name": "stakedAmount",
            "type": "u64"
          },
          {
            "name": "startTime",
            "type": "u32"
          },
          {
            "name": "endTime",
            "type": "u32"
          },
          {
            "name": "index",
            "type": "u8"
          }
        ]
      }
    },
    {
      "name": "Vault",
      "type": {
        "kind": "struct",
        "fields": [
          {
            "name": "bumpVault",
            "type": "u8"
          }
        ]
      }
    },
    {
      "name": "PoolSigner",
      "type": {
        "kind": "struct",
        "fields": [
          {
            "name": "bumpSigner",
            "type": "u8"
          }
        ]
      }
    }
  ],
  "metadata": {
    "address": "3UVQrHJCfBHL5Un2kxFWvRTxfSdjzgEQDc9X8bSefGYU"
  }
}